{
    "NUM_CLASSES_SEG": 7,
    "CLASS_NAMES": [
        "cube",
        "sphere",
        "cylinder",
        "cone",
        "pyramid",
        "torus",
        "wall"
    ],
    "CLASS_WEIGHTS": [
        1.8,
        1.8,
        1.0,
        1.29,
        2.25,
        1.8,
        27.0
    ],
    "NUM_CLASSES_DET": 6,
    "MEAN_SIZE": [
        [
            9.655442047119141,
            9.655442047119141,
            9.655442047119141
        ],
        [
            15.816162109375,
            15.816162109375,
            15.816162109375
        ],
        [
            12.339812278747559,
            12.339812278747559,
            15.424765480889214
        ],
        [
            14.54328455243792,
            14.54328455243792,
            15.582090922764369
        ],
        [
            12.39792799949646,
            12.39792799949646,
            12.39792799949646
        ],
        [
            22.199396896362305,
            22.199396896362305,
            6.054380989074707
        ]
    ],
    "GRID_SIZE": 0.7543,
    "INPUT_CHANNELS": 6,
    "BATCH_SIZE": 4,
    "DATA_FORMAT": "npy"
}